Player,Nation,Pos,Age,MP,Starts,Min,Gls,Ast,PK,CrdY,CrdR,xG,xAG,Team
Max Aarons,eng ENG,DF,24,3,1,86,0,0,0,0,0,0.00,0.00,Bournemouth
Joshua Acheampong,eng ENG,DF,18,4,2,170,0,0,0,1,0,0.00,0.00,Chelsea
Tyler Adams,us USA,MF,25,28,21,1965,0,3,0,7,0,0.00,0.14,Bournemouth
Tosin Adarabioyo,eng ENG,DF,26,22,15,1409,1,1,0,4,0,0.06,0.06,Chelsea
Simon Adingra,ci CIV,MF,22,29,12,1097,2,2,0,0,0,0.16,0.16,Brighton
Emmanuel Agbadou,ci CIV,DF,27,16,16,1410,1,0,0,3,0,0.06,0.00,Wolves
Asher Agbinone,eng ENG,MF,18,2,0,6,0,0,0,0,0,0.00,0.00,Crystal Palace
Ola Aina,ng NGA,DF,27,35,35,2995,2,1,0,5,0,0.06,0.03,Nottingham Forest
Rayan Aït-Nouri,dz ALG,"MF,DF",23,37,37,3109,4,7,0,7,1,0.12,0.20,Wolves
Kristoffer Ajer,no NOR,DF,26,24,17,1438,0,0,0,5,0,0.00,0.00,Brentford
Manuel Akanji,ch SUI,"DF,MF",29,26,23,2014,0,0,0,3,0,0.00,0.00,Manchester City
Nathan Aké,nl NED,DF,29,10,8,678,0,0,0,0,0,0.00,0.00,Manchester City
Carlos Alcaraz,ar ARG,MF,21,1,0,10,0,0,0,0,0,0.00,0.00,Southampton
Carlos Alcaraz,ar ARG,MF,21,15,7,764,2,3,0,4,0,0.24,0.35,Everton
Trent Alexander-Arnold,eng ENG,DF,25,33,28,2365,3,6,0,5,0,0.11,0.23,Liverpool
Alisson,br BRA,GK,31,28,28,2508,0,0,0,0,0,0.00,0.00,Liverpool
Miguel Almirón,py PAR,FW,30,9,1,157,0,0,0,0,0,0.00,0.00,Newcastle United
Olabade Aluko,,DF,,1,0,2,0,0,0,0,0,0.00,0.00,Leicester City
Edson Álvarez,mx MEX,MF,26,28,20,1772,0,1,0,9,1,0.00,0.05,West Ham United
Will Alves,eng ENG,MF,19,1,0,1,0,0,0,0,0,0.00,0.00,Leicester City
Harry Amass,eng ENG,MF,17,5,4,346,0,0,0,0,0,0.00,0.00,Manchester Utd
Samuel Amo-Ameyaw,eng ENG,"FW,MF",18,2,0,28,0,0,0,1,0,0.00,0.00,Southampton
Mathis Amougou,fr FRA,MF,18,1,0,8,0,0,0,0,0,0.00,0.00,Chelsea
Joachim Andersen,dk DEN,DF,28,1,1,90,0,0,0,1,0,0.00,0.00,Crystal Palace
Joachim Andersen,dk DEN,DF,28,29,29,2583,0,0,0,6,1,0.00,0.00,Fulham
Elliot Anderson,eng ENG,MF,21,37,33,2728,2,6,0,10,0,0.07,0.20,Nottingham Forest
André,br BRA,MF,23,33,31,2472,0,0,0,7,0,0.00,0.00,Wolves
Michail Antonio,jm JAM,FW,34,14,11,836,1,1,0,1,0,0.11,0.11,West Ham United
Antony,br BRA,"FW,MF",24,8,0,141,0,0,0,0,0,0.00,0.00,Manchester Utd
Julian Araujo,mx MEX,DF,22,12,7,497,0,0,0,2,0,0.00,0.00,Bournemouth
Cameron Archer,eng ENG,FW,23,35,13,1441,2,0,0,0,0,0.12,0.00,Southampton
Alphonse Areola,fr FRA,GK,31,26,25,2260,0,0,0,0,0,0.00,0.00,West Ham United
Joe Aribo,ng NGA,MF,28,32,21,2013,3,0,0,1,0,0.13,0.00,Southampton
Adam Armstrong,eng ENG,"FW,MF",27,20,15,1248,2,2,0,4,0,0.14,0.14,Southampton
Harrison Armstrong,eng ENG,MF,17,3,0,48,0,0,0,1,0,0.00,0.00,Everton
Kepa Arrizabalaga,es ESP,GK,29,31,31,2790,0,0,0,3,0,0.00,0.00,Bournemouth
Marco Asensio,es ESP,MF,28,13,9,743,3,1,0,2,0,0.36,0.12,Aston Villa
Brandon Austin,eng ENG,GK,25,1,1,90,0,0,0,0,0,0.00,0.00,Tottenham Hotspur
Taiwo Awoniyi,ng NGA,FW,26,26,3,416,1,0,0,0,0,0.22,0.00,Nottingham Forest
Yasin Ayari,se SWE,MF,20,34,22,1965,2,1,0,3,0,0.09,0.05,Brighton
Jordan Ayew,gh GHA,"FW,MF",32,1,0,21,0,0,0,1,0,0.00,0.00,Crystal Palace
Jordan Ayew,gh GHA,MF,32,30,19,1638,5,0,1,5,0,0.27,0.00,Leicester City
Benoît Badiashile,fr FRA,DF,23,5,3,334,0,0,0,0,0,0.00,0.00,Chelsea
Leon Bailey,jm JAM,MF,26,24,14,1139,1,2,0,3,0,0.08,0.16,Aston Villa
Carlos Baleba,cm CMR,MF,20,34,31,2661,3,1,0,8,1,0.10,0.03,Brighton
Ross Barkley,eng ENG,MF,30,20,3,581,3,1,0,3,0,0.46,0.15,Aston Villa
Harvey Barnes,eng ENG,"FW,MF",26,33,17,1755,9,4,0,0,0,0.46,0.21,Newcastle United
Calvin Bassey,ng NGA,DF,24,35,34,3074,1,0,0,7,0,0.03,0.00,Fulham
Altay Bayındır,tr TUR,GK,26,4,4,360,0,0,0,0,0,0.00,0.00,Manchester Utd
Jan Bednarek,pl POL,DF,28,30,30,2531,2,0,0,7,0,0.07,0.00,Southampton
Armel Bella Kotchap,de GER,DF,22,4,2,331,0,0,0,0,0,0.00,0.00,Southampton
Jean-Ricner Bellegarde,ht HAI,MF,26,35,20,1677,2,7,0,3,0,0.11,0.38,Wolves
Rodrigo Bentancur,uy URU,MF,27,26,21,1645,2,0,0,9,0,0.11,0.00,Tottenham Hotspur
Daniel Bentley,eng ENG,GK,31,2,2,180,0,0,0,0,0,0.00,0.00,Wolves
Sander Berge,no NOR,MF,26,31,26,2224,0,0,0,6,0,0.00,0.00,Fulham
Lucas Bergvall,se SWE,MF,18,27,11,1212,0,1,0,3,0,0.00,0.07,Tottenham Hotspur
Victor Bernth Kristiansen,dk DEN,"DF,MF",21,30,29,2482,0,1,0,1,0,0.00,0.04,Leicester City
Beto,gw GNB,FW,26,30,15,1534,8,0,0,2,0,0.47,0.00,Everton
Philip Billing,dk DEN,MF,28,10,1,184,0,0,0,1,0,0.00,0.00,Bournemouth
Yves Bissouma,ml MLI,MF,27,28,16,1408,2,0,0,7,0,0.13,0.00,Tottenham Hotspur
Oscar Bobb,no NOR,"FW,MF",21,3,0,16,0,0,0,0,0,0.00,0.00,Manchester City
Lamare Bogarde,nl NED,"DF,MF",20,8,5,476,0,0,0,2,0,0.00,0.00,Aston Villa
Willy Boly,ci CIV,DF,33,6,1,150,0,0,0,1,0,0.00,0.00,Nottingham Forest
Sven Botman,nl NED,DF,24,8,6,412,0,0,0,1,0,0.00,0.00,Newcastle United
Jarrod Bowen,eng ENG,"MF,FW",27,34,34,2973,13,8,1,1,0,0.39,0.24,West Ham United
Conor Bradley,nir NIR,DF,21,19,7,754,0,2,0,4,0,0.00,0.24,Liverpool
Jarrad Branthwaite,eng ENG,DF,22,30,28,2511,0,1,0,4,0,0.00,0.04,Everton
James Bree,eng ENG,"DF,MF",26,17,13,1075,0,1,0,0,0,0.00,0.08,Southampton
Ben Brereton,cl CHI,"FW,MF",25,10,4,449,0,0,0,1,0,0.00,0.00,Southampton
Nathan Broadhead,wls WAL,MF,26,18,7,702,2,0,0,1,0,0.26,0.00,Ipswich Town
Armando Broja,al ALB,FW,22,10,4,334,0,0,0,1,0,0.00,0.00,Everton
David Brooks,wls WAL,MF,27,29,9,960,2,0,0,3,0,0.19,0.00,Bournemouth
Emi Buendía,ar ARG,"FW,MF",27,12,0,98,0,0,0,1,0,0.00,0.00,Aston Villa
Santiago Bueno,uy URU,DF,25,29,18,1687,0,0,0,2,0,0.00,0.00,Wolves
Facundo Buonanotte,ar ARG,"MF,FW",19,31,14,1523,5,2,0,8,0,0.30,0.12,Leicester City
Cameron Burgess,au AUS,DF,28,18,16,1541,0,2,0,0,0,0.00,0.12,Ipswich Town
Dan Burn,eng ENG,DF,32,37,37,3330,1,1,0,11,0,0.03,0.03,Newcastle United
Wes Burns,wls WAL,MF,29,18,12,926,0,1,0,1,0,0.00,0.10,Ipswich Town
Nathan Butler-Oyedeji,eng ENG,FW,21,1,0,7,0,0,0,0,0,0.00,0.00,Arsenal
Moisés Caicedo,ec ECU,"MF,DF",22,38,38,3351,1,2,0,11,0,0.03,0.05,Chelsea
Tom Cairney,sct SCO,MF,33,25,3,628,2,0,0,3,1,0.29,0.00,Fulham
Jens Cajuste,se SWE,MF,24,30,25,1959,1,1,0,2,0,0.05,0.05,Ipswich Town
Riccardo Calafiori,it ITA,DF,22,19,11,983,2,1,0,4,0,0.18,0.09,Arsenal
Dominic Calvert-Lewin,eng ENG,FW,27,26,19,1609,3,1,0,2,0,0.17,0.06,Everton
Diego Carlos,br BRA,DF,31,10,8,830,0,0,0,1,0,0.00,0.00,Aston Villa
Fabio Carvalho,pt POR,"FW,MF",21,19,3,455,2,1,0,1,0,0.40,0.20,Brentford
Casemiro,br BRA,MF,32,24,18,1494,1,0,0,5,0,0.06,0.00,Manchester Utd
Kaelan Casey,eng ENG,DF,19,1,0,1,0,0,0,0,0,0.00,0.00,West Ham United
Matty Cash,pl POL,DF,26,27,24,2070,1,1,0,7,0,0.04,0.04,Aston Villa
Eiran Cashin,ie IRL,DF,22,2,0,20,0,0,0,0,0,0.00,0.00,Brighton
Timothy Castagne,be BEL,"DF,MF",28,24,17,1649,0,1,0,1,0,0.00,0.05,Fulham
Trevoh Chalobah,eng ENG,DF,25,13,11,910,0,1,0,2,0,0.00,0.10,Chelsea
Trevoh Chalobah,eng ENG,DF,25,12,12,1060,3,0,0,1,0,0.25,0.00,Crystal Palace
Conor Chaplin,eng ENG,"MF,FW",27,22,10,857,1,1,0,2,0,0.11,0.11,Ipswich Town
Youssef Chermiti,pt POR,FW,20,4,0,45,0,0,0,1,0,0.00,0.00,Everton
Federico Chiesa,it ITA,FW,26,6,1,108,0,0,0,0,0,0.00,0.00,Liverpool
Ben Chilwell,eng ENG,MF,27,8,1,259,1,0,0,1,0,0.35,0.00,Crystal Palace
Chiquinho,pt POR,MF,24,1,0,7,0,0,0,0,0,0.00,0.00,Wolves
Hamza Choudhury,bd BAN,MF,26,4,1,131,0,0,0,0,0,0.00,0.00,Leicester City
Ryan Christie,sct SCO,MF,29,29,27,2117,2,3,0,9,0,0.09,0.13,Bournemouth
Harry Clarke,eng ENG,DF,23,7,4,379,0,0,0,3,1,0.00,0.00,Ipswich Town
Jack Clarke,eng ENG,MF,23,32,12,1181,0,4,0,2,0,0.00,0.30,Ipswich Town
Nathaniel Clyne,eng ENG,"DF,MF",33,13,5,483,0,0,0,1,0,0.00,0.00,Crystal Palace
Conor Coady,eng ENG,DF,31,22,19,1714,1,0,0,3,0,0.05,0.00,Leicester City
Séamus Coleman,ie IRL,DF,35,5,3,215,0,0,0,1,0,0.00,0.00,Everton
Nathan Collins,ie IRL,DF,23,38,38,3420,2,3,0,5,0,0.05,0.08,Brentford
Toby Collyer,eng ENG,MF,20,6,0,179,0,0,0,0,0,0.00,0.00,Manchester Utd
Levi Colwill,eng ENG,DF,21,35,35,3149,2,1,0,9,0,0.06,0.03,Chelsea
Lewis Cook,eng ENG,"MF,DF",27,36,32,2978,1,3,0,8,1,0.03,0.09,Bournemouth
Maxwel Cornet,ci CIV,MF,27,2,1,72,0,0,0,1,0,0.00,0.00,Southampton
Vladimír Coufal,cz CZE,"DF,MF",31,22,11,1067,0,0,0,5,0,0.00,0.00,West Ham United
Woyo Coulibaly,ml MLI,DF,25,4,1,109,0,0,0,1,0,0.00,0.00,Leicester City
Aaron Cresswell,eng ENG,DF,34,18,10,824,0,0,0,3,0,0.00,0.00,West Ham United
Marc Cucurella,es ESP,DF,26,36,33,2988,5,1,0,10,1,0.15,0.03,Chelsea
Jorge Cuenca,es ESP,DF,24,8,4,351,0,0,0,0,0,0.00,0.00,Fulham
Matheus Cunha,br BRA,MF,25,33,29,2597,15,6,0,4,0,0.52,0.21,Wolves
Patson Daka,zm ZAM,"MF,FW",25,23,6,736,1,0,0,0,0,0.12,0.00,Leicester City
Diogo Dalot,pt POR,"MF,DF",25,33,31,2814,0,3,0,5,0,0.00,0.10,Manchester Utd
Mikkel Damsgaard,dk DEN,MF,24,38,34,2911,2,10,0,2,0,0.06,0.31,Brentford
Jayden Danns,eng ENG,FW,18,1,0,11,0,0,0,0,0,0.00,0.00,Liverpool
Kevin Danso,at AUT,DF,25,10,9,842,0,0,0,0,0,0.00,0.00,Tottenham Hotspur
Ben Davies,wls WAL,DF,31,17,14,1331,0,0,0,5,0,0.00,0.00,Tottenham Hotspur
Leif Davis,eng ENG,DF,24,33,32,2743,1,2,0,5,1,0.03,0.07,Ipswich Town
Craig Dawson,eng ENG,DF,34,15,10,971,0,0,0,2,0,0.00,0.00,Wolves
Kevin De Bruyne,be BEL,"MF,FW",33,28,19,1702,4,7,0,2,0,0.21,0.37,Manchester City
Bobby De Cordova-Reid,jm JAM,"MF,FW",31,23,9,744,1,2,0,2,0,0.12,0.24,Leicester City
Liam Delap,eng ENG,FW,21,37,32,2593,12,2,2,12,0,0.42,0.07,Ipswich Town
Sepp van den Berg,nl NED,DF,22,31,29,2586,0,0,0,3,0,0.00,0.00,Brentford
Justin Devenny,nir NIR,MF,20,23,4,507,1,1,0,1,0,0.18,0.18,Crystal Palace
Kiernan Dewsbury-Hall,eng ENG,MF,25,13,2,264,0,1,0,0,0,0.00,0.34,Chelsea
Amad Diallo,ci CIV,"MF,FW",22,26,20,1901,8,6,0,5,0,0.38,0.28,Manchester Utd
Rúben Dias,pt POR,"DF,MF",27,27,25,2271,0,0,0,4,0,0.00,0.00,Manchester City
Luis Díaz,co COL,"FW,MF",27,36,28,2399,13,5,0,2,0,0.49,0.19,Liverpool
Tyler Dibling,eng ENG,"MF,FW",18,33,20,1874,2,0,0,6,0,0.10,0.00,Southampton
Lucas Digne,fr FRA,DF,31,32,28,2351,0,4,0,4,0,0.00,0.15,Aston Villa
Issa Diop,ma MAR,DF,27,21,15,1339,0,0,0,2,0,0.00,0.00,Fulham
Axel Disasi,fr FRA,DF,26,7,5,490,0,0,0,2,0,0.00,0.00,Aston Villa
Axel Disasi,fr FRA,DF,26,6,4,364,1,0,0,1,0,0.25,0.00,Chelsea
Roman Dixon,eng ENG,DF,19,1,1,90,0,0,0,0,0,0.00,0.00,Everton
Nasser Djiga,bf BFA,DF,21,5,1,66,0,0,0,0,0,0.00,0.00,Wolves
Matt Doherty,ie IRL,"DF,MF",32,30,25,2109,2,1,0,6,0,0.09,0.04,Wolves
Jeremy Doku,be BEL,"MF,FW",22,29,16,1516,3,6,0,1,0,0.18,0.36,Manchester City
Nicolás Domínguez,ar ARG,MF,26,34,23,1963,0,1,0,9,0,0.00,0.05,Nottingham Forest
Patrick Dorgu,dk DEN,MF,19,12,10,842,0,0,0,3,1,0.00,0.00,Manchester Utd
Alfie Dorrington,eng ENG,DF,19,1,0,14,0,0,0,0,0,0.00,0.00,Tottenham Hotspur
Abdoulaye Doucouré,ml MLI,MF,31,33,31,2564,3,2,0,5,1,0.11,0.07,Everton
Cheick Doucouré,ml MLI,MF,24,13,4,452,0,0,0,1,0,0.00,0.00,Crystal Palace
Flynn Downes,eng ENG,MF,25,27,25,2151,1,0,0,12,0,0.04,0.00,Southampton
Tommy Doyle,eng ENG,MF,22,24,3,488,0,1,0,1,0,0.00,0.18,Wolves
Radu Drăgușin,ro ROU,DF,22,16,14,1252,0,0,0,1,0,0.00,0.00,Tottenham Hotspur
Martin Dúbravka,sk SVK,GK,35,10,10,900,0,0,0,0,0,0.00,0.00,Newcastle United
Lewis Dunk,eng ENG,DF,32,25,23,2083,0,0,0,5,0,0.00,0.00,Brighton
Jáder Durán,co COL,FW,20,20,4,638,7,0,0,3,1,0.99,0.00,Aston Villa
Claudio Echeverri,ar ARG,MF,18,1,0,6,0,0,0,0,0,0.00,0.00,Manchester City
Ederson,br BRA,GK,30,26,26,2320,0,4,0,4,0,0.00,0.16,Manchester City
George Edmundson,eng ENG,DF,26,1,0,2,0,0,0,0,0,0.00,0.00,Ipswich Town
Odsonne Édouard,fr FRA,FW,26,4,0,29,0,0,0,0,0,0.00,0.00,Leicester City
Odsonne Édouard,fr FRA,MF,26,2,1,115,0,0,0,0,0,0.00,0.00,Crystal Palace
Samuel Edozie,eng ENG,"FW,MF",21,2,0,65,0,0,0,1,0,0.00,0.00,Southampton
Ronnie Edwards,eng ENG,DF,21,1,0,12,0,0,0,0,0,0.00,0.00,Southampton
Anthony Elanga,se SWE,"MF,FW",22,38,31,2501,6,11,0,1,0,0.22,0.40,Nottingham Forest
Harvey Elliott,eng ENG,MF,21,18,2,371,1,2,0,1,0,0.24,0.49,Liverpool
Yunus Emre Konak,tr TUR,MF,18,10,0,42,0,0,0,0,0,0.00,0.00,Brentford
Julio Enciso,py PAR,MF,20,13,12,869,2,3,0,3,0,0.21,0.31,Ipswich Town
Julio Enciso,py PAR,MF,20,12,2,294,0,0,0,0,0,0.00,0.00,Brighton
Wataru Endo,jp JPN,MF,31,20,1,273,0,0,0,0,0,0.00,0.00,Liverpool
Christian Eriksen,dk DEN,MF,32,23,11,1061,1,2,1,4,0,0.08,0.17,Manchester Utd
Romain Esse,eng ENG,MF,19,7,1,138,1,1,0,0,0,0.65,0.65,Crystal Palace
Pervis Estupiñán,ec ECU,DF,26,30,26,2402,1,1,0,5,0,0.04,0.04,Brighton
Evanilson,br BRA,FW,24,31,28,2319,10,1,0,1,1,0.39,0.04,Bournemouth
Jake Evans,eng ENG,MF,15,4,0,24,0,0,0,0,0,0.00,0.00,Leicester City
Jonny Evans,nir NIR,DF,36,7,3,315,0,0,0,1,0,0.00,0.00,Manchester Utd
Eberechi Eze,eng ENG,MF,26,34,31,2588,8,8,1,1,0,0.28,0.28,Crystal Palace
Łukasz Fabiański,pl POL,GK,39,14,13,1160,0,0,0,2,0,0.00,0.00,West Ham United
Wout Faes,be BEL,DF,26,34,30,2815,1,0,0,4,0,0.03,0.00,Leicester City
Abdul Fatawu Issahaku,gh GHA,"MF,FW",20,11,6,579,0,2,0,0,0,0.00,0.31,Leicester City
João Félix,pt POR,MF,24,12,3,369,1,1,0,2,0,0.24,0.24,Chelsea
Evan Ferguson,ie IRL,FW,19,13,2,246,1,0,0,0,0,0.37,0.00,Brighton
Evan Ferguson,ie IRL,FW,19,8,1,156,0,0,0,0,0,0.00,0.00,West Ham United
Bruno Fernandes,pt POR,MF,29,36,35,3018,8,10,3,5,2,0.24,0.30,Manchester Utd
Mateus Fernandes,pt POR,MF,20,36,34,2909,2,4,0,8,0,0.06,0.12,Southampton
Enzo Fernández,ar ARG,MF,23,36,32,2947,6,7,0,8,0,0.18,0.21,Chelsea
Mark Flekken,nl NED,GK,31,37,37,3275,0,2,0,1,0,0.00,0.05,Brentford
Phil Foden,eng ENG,"MF,FW",24,28,20,1777,7,2,0,2,0,0.35,0.10,Manchester City
Wesley Fofana,fr FRA,DF,23,14,14,1172,0,0,0,7,0,0.00,0.00,Chelsea
Carlos Forbs,pt POR,MF,20,10,1,239,0,0,0,2,0,0.00,0.00,Wolves
Fraser Forster,eng ENG,GK,36,7,7,630,0,0,0,0,0,0.00,0.00,Tottenham Hotspur
Matheus França,br BRA,FW,20,4,0,55,1,0,0,0,0,1.64,0.00,Crystal Palace
Ryan Fraser,sct SCO,"MF,DF",30,8,4,306,0,0,0,0,1,0.00,0.00,Southampton
Tyler Fredricson,eng ENG,DF,19,2,2,165,0,0,0,0,0,0.00,0.00,Manchester Utd
Niclas Füllkrug,de GER,FW,31,18,6,790,3,2,0,2,0,0.34,0.23,West Ham United
Cody Gakpo,nl NED,MF,25,35,23,1935,10,4,0,5,0,0.47,0.19,Liverpool
Idrissa Gana Gueye,sn SEN,MF,34,37,35,3063,0,3,0,9,0,0.00,0.09,Everton
Andrés García,es ESP,"DF,MF",21,7,5,318,0,0,0,0,0,0.00,0.00,Aston Villa
Alejandro Garnacho,ar ARG,MF,20,36,23,2199,6,2,0,3,0,0.25,0.08,Manchester Utd
James Garner,eng ENG,"MF,DF",23,21,17,1594,0,1,0,5,0,0.00,0.06,Everton
Tyrique George,eng ENG,FW,18,8,1,183,1,1,0,1,0,0.49,0.49,Chelsea
Morgan Gibbs-White,eng ENG,MF,24,34,34,2803,7,8,0,11,1,0.22,0.26,Nottingham Forest
Billy Gilmour,sct SCO,MF,23,2,1,98,0,0,0,0,0,0.00,0.00,Brighton
Ben Godfrey,eng ENG,DF,26,3,2,159,0,0,0,1,0,0.00,0.00,Ipswich Town
Martial Godo,ci CIV,"FW,MF",21,2,0,24,0,0,0,0,0,0.00,0.00,Fulham
Michael Golding,eng ENG,MF,18,1,0,1,0,0,0,0,0,0.00,0.00,Leicester City
João Gomes,br BRA,MF,23,36,35,2974,3,1,0,11,1,0.09,0.03,Wolves
Rodrigo Gomes,pt POR,MF,21,25,7,810,2,0,0,0,0,0.22,0.00,Wolves
Toti Gomes,pt POR,DF,25,31,30,2614,0,1,0,7,0,0.00,0.03,Wolves
Diego Gómez,py PAR,MF,21,16,4,516,1,0,0,0,0,0.17,0.00,Brighton
Joe Gomez,eng ENG,DF,27,9,6,519,0,0,0,1,0,0.00,0.00,Liverpool
Nicolás González,es ESP,MF,22,11,9,760,1,0,0,3,0,0.12,0.00,Manchester City
Anthony Gordon,eng ENG,"FW,MF",23,34,28,2434,6,5,1,2,0,0.22,0.18,Newcastle United
Ryan Gravenberch,nl NED,MF,22,37,37,3160,0,4,0,6,1,0.00,0.11,Liverpool
Archie Gray,eng ENG,"DF,MF",18,28,19,1751,0,0,0,1,0,0.00,0.00,Tottenham Hotspur
Jack Grealish,eng ENG,"MF,FW",28,20,7,721,1,1,0,3,0,0.12,0.12,Manchester City
Jacob Greaves,eng ENG,DF,23,25,25,2205,1,0,0,5,0,0.04,0.00,Ipswich Town
Brajan Gruda,de GER,"MF,FW",20,21,8,687,1,4,0,0,0,0.13,0.52,Brighton
Albert Grønbaek,dk DEN,"MF,FW",23,4,2,143,0,0,0,0,0,0.00,0.00,Southampton
Gonçalo Guedes,pt POR,"MF,FW",27,29,10,995,2,4,0,1,0,0.18,0.36,Wolves
Marc Guéhi,eng ENG,DF,24,34,34,3059,3,2,0,9,1,0.09,0.06,Crystal Palace
Luis Guilherme,br BRA,MF,18,12,1,150,0,0,0,0,0,0.00,0.00,West Ham United
Bruno Guimarães,br BRA,MF,26,38,38,3271,5,6,0,7,0,0.14,0.17,Newcastle United
Marc Guiu,es ESP,FW,18,3,0,73,0,0,0,0,0,0.00,0.00,Chelsea
İlkay Gündoğan,de GER,MF,33,33,25,2223,1,6,0,1,0,0.04,0.24,Manchester City
Malo Gusto,fr FRA,DF,21,32,19,1862,0,1,0,4,0,0.00,0.05,Chelsea
Joško Gvardiol,hr CRO,DF,22,37,36,3277,5,0,0,2,0,0.14,0.00,Manchester City
Erling Haaland,no NOR,FW,24,31,31,2736,22,3,3,2,0,0.72,0.10,Manchester City
Lewis Hall,eng ENG,DF,19,27,24,2189,0,4,0,3,0,0.00,0.16,Newcastle United
Ali Al Hamadi,iq IRQ,FW,22,11,0,134,0,0,0,3,0,0.00,0.00,Ipswich Town
Marcus Harness,eng ENG,"FW,MF",28,2,0,45,0,0,0,0,0,0.00,0.00,Ipswich Town
Jack Harrison,eng ENG,"MF,FW",27,34,24,2076,1,0,0,0,0,0.04,0.00,Everton
Taylor Harwood-Bellis,eng ENG,DF,22,34,32,2825,1,0,0,9,0,0.03,0.00,Southampton
Kai Havertz,de GER,FW,25,23,21,1875,9,3,0,5,0,0.43,0.14,Arsenal
Ayden Heaven,eng ENG,DF,17,4,2,170,0,0,0,1,0,0.00,0.00,Manchester Utd
Jan Paul van Hecke,nl NED,DF,24,34,33,2958,1,1,0,8,1,0.03,0.03,Brighton
Hwang Hee-chan,kr KOR,"MF,FW",28,21,5,661,2,0,0,0,0,0.27,0.00,Wolves
Dean Henderson,eng ENG,GK,27,38,38,3420,0,0,0,3,0,0.00,0.00,Crystal Palace
Rico Henry,jm JAM,"DF,MF",27,5,0,99,0,0,0,0,0,0.00,0.00,Brentford
Mads Hermansen,dk DEN,GK,24,27,27,2385,0,0,0,1,0,0.00,0.00,Leicester City
Son Heung-min,kr KOR,"FW,MF",32,30,24,2110,7,9,1,1,0,0.30,0.38,Tottenham Hotspur
James Hill,eng ENG,DF,22,10,6,448,0,1,0,1,0,0.00,0.20,Bournemouth
Jack Hinshelwood,eng ENG,"MF,DF",19,26,22,1842,5,2,0,5,0,0.24,0.10,Brighton
George Hirst,sct SCO,FW,25,26,5,661,3,1,0,3,0,0.41,0.14,Ipswich Town
Mason Holgate,jm JAM,DF,27,1,0,6,0,0,0,0,0,0.00,0.00,Everton
Harry Howell,eng ENG,FW,16,1,0,7,0,0,0,0,0,0.00,0.00,Brighton
Callum Hudson-Odoi,eng ENG,MF,23,31,25,2194,5,2,0,2,0,0.21,0.08,Nottingham Forest
Will Hughes,eng ENG,MF,29,33,24,2108,0,3,0,11,0,0.00,0.13,Crystal Palace
Dean Huijsen,es ESP,DF,19,32,26,2427,3,2,0,10,0,0.11,0.07,Bournemouth
Omari Hutchinson,eng ENG,MF,20,31,30,2583,3,2,0,5,0,0.10,0.07,Ipswich Town
Rasmus Højlund,dk DEN,FW,21,32,23,2004,4,0,0,2,0,0.18,0.00,Manchester Utd
Igor,br BRA,DF,26,13,10,961,0,0,0,4,0,0.00,0.00,Brighton
Danny Ings,eng ENG,FW,32,15,1,284,1,2,0,0,0,0.32,0.63,West Ham United
Tim Iroegbunam,eng ENG,MF,21,18,5,574,0,1,0,4,0,0.00,0.16,Everton
Andy Irving,sct SCO,MF,24,10,1,166,0,0,0,2,0,0.00,0.00,West Ham United
Alexander Isak,se SWE,FW,24,34,34,2756,23,6,4,1,0,0.75,0.20,Newcastle United
Alex Iwobi,ng NGA,MF,28,38,35,2981,9,6,0,1,0,0.27,0.18,Fulham
Nicolas Jackson,sn SEN,FW,23,30,28,2220,10,5,0,7,1,0.41,0.20,Chelsea
Reece James,eng ENG,"DF,MF",24,19,12,1063,1,1,0,1,0,0.08,0.08,Chelsea
Vitaly Janelt,de GER,MF,26,32,27,2254,1,3,0,3,0,0.04,0.12,Brentford
Vitezslav Jaros,cz CZE,GK,23,1,0,12,0,0,0,0,0,0.00,0.00,Liverpool
Daniel Jebbison,ca CAN,FW,20,16,0,119,1,0,0,1,0,0.76,0.00,Bournemouth
Mathias Jensen,dk DEN,MF,28,24,8,862,0,2,0,2,0,0.00,0.21,Brentford
Gabriel Jesus,br BRA,FW,27,17,6,608,3,0,0,4,0,0.44,0.00,Arsenal
Raúl Jiménez,mx MEX,FW,33,38,30,2494,12,3,3,4,0,0.43,0.11,Fulham
Kim Jisoo,kr KOR,DF,19,3,0,30,0,0,0,0,0,0.00,0.00,Brentford
João Pedro,br BRA,"FW,MF",22,27,23,1948,10,6,5,4,1,0.46,0.28,Brighton
Joelinton,br BRA,"MF,FW",27,29,29,2393,4,3,0,10,0,0.15,0.11,Newcastle United
Ben Johnson,eng ENG,"MF,DF",24,23,14,1354,1,2,0,5,1,0.07,0.13,Ipswich Town
Brennan Johnson,wls WAL,"FW,MF",23,33,24,2177,11,3,0,5,0,0.45,0.12,Tottenham Hotspur
Sam Johnstone,eng ENG,GK,31,7,7,630,0,0,0,0,0,0.00,0.00,Wolves
Curtis Jones,eng ENG,"MF,DF",23,33,19,1712,3,3,0,3,1,0.16,0.16,Liverpool
Jorginho,it ITA,MF,32,15,9,704,0,0,0,5,0,0.00,0.00,Arsenal
Diogo Jota,pt POR,FW,27,26,14,1196,6,3,0,2,0,0.45,0.23,Liverpool
James Justin,eng ENG,"DF,MF",26,36,34,2912,2,2,0,6,0,0.06,0.06,Leicester City
Filip Jørgensen,dk DEN,GK,22,6,6,540,0,0,0,0,0,0.00,0.00,Chelsea
Ferdi Kadioglu,tr TUR,"DF,MF",24,6,5,385,1,0,0,1,0,0.23,0.00,Brighton
Daichi Kamada,jp JPN,MF,27,34,15,1564,0,0,0,4,1,0.00,0.00,Crystal Palace
Boubacar Kamara,fr FRA,"MF,DF",24,26,20,1726,1,0,0,2,0,0.05,0.00,Aston Villa
Joachim Kayi Sanda,fr FRA,DF,17,2,0,14,0,0,0,0,0,0.00,0.00,Southampton
Michael Kayode,it ITA,DF,20,12,6,528,0,1,0,2,0,0.00,0.17,Brentford
Michael Keane,eng ENG,DF,31,14,11,1049,3,0,0,5,0,0.26,0.00,Everton
Caoimhín Kelleher,ie IRL,GK,25,10,10,900,0,0,0,0,0,0.00,0.00,Liverpool
Lloyd Kelly,eng ENG,DF,25,10,4,303,0,1,0,2,0,0.00,0.30,Newcastle United
Milos Kerkez,hu HUN,DF,20,38,38,3336,2,5,0,4,0,0.05,0.13,Bournemouth
Bilal El Khannouss,ma MAR,MF,20,32,27,2182,2,3,0,4,0,0.08,0.12,Leicester City
Abdukodir Khusanov,uz UZB,DF,20,6,6,503,0,0,0,1,0,0.00,0.00,Manchester City
Max Kilman,eng ENG,DF,27,38,38,3348,0,1,0,5,0,0.00,0.03,West Ham United
Joshua King,eng ENG,MF,17,8,1,130,0,0,0,0,0,0.00,0.00,Fulham
Tom King,wls WAL,GK,29,1,0,1,0,0,0,0,0,0.00,0.00,Wolves
Antonín Kinský,cz CZE,GK,21,6,6,540,0,0,0,0,0,0.00,0.00,Tottenham Hotspur
Jakub Kiwior,pl POL,DF,24,17,10,1122,1,0,0,1,0,0.08,0.00,Arsenal
Justin Kluivert,nl NED,MF,25,34,29,2340,12,6,6,8,0,0.46,0.23,Bournemouth
Ibrahima Konaté,fr FRA,DF,25,31,30,2560,1,2,0,5,0,0.04,0.07,Liverpool
Ezri Konsa,eng ENG,DF,26,34,33,2936,2,0,0,1,0,0.06,0.00,Aston Villa
Mateo Kovačić,hr CRO,"MF,DF",30,31,25,2198,6,2,0,5,1,0.25,0.08,Manchester City
Caleb Kporha,eng ENG,DF,18,2,0,13,0,0,0,0,0,0.00,0.00,Crystal Palace
Emil Krafth,se SWE,DF,29,12,2,342,0,0,0,2,0,0.00,0.00,Newcastle United
Mohammed Kudus,gh GHA,"MF,FW",23,32,31,2590,5,3,0,2,1,0.17,0.10,West Ham United
Dejan Kulusevski,se SWE,"MF,FW",24,32,27,2389,7,4,0,3,0,0.26,0.15,Tottenham Hotspur
Maxence Lacroix,fr FRA,DF,24,35,35,3116,1,1,0,5,0,0.03,0.03,Crystal Palace
Adam Lallana,eng ENG,MF,36,14,5,361,0,2,0,4,0,0.00,0.50,Southampton
Tariq Lamptey,gh GHA,"DF,MF",23,15,10,860,2,2,0,0,0,0.21,0.21,Brighton
Will Lankshear,eng ENG,FW,19,3,0,11,0,0,0,0,0,0.00,0.00,Tottenham Hotspur
Roméo Lavia,be BEL,MF,20,16,11,797,0,1,0,4,0,0.00,0.11,Chelsea
Mario Lemina,ga GAB,"MF,DF",30,17,15,1364,1,3,0,4,0,0.07,0.20,Wolves
Bernd Leno,de GER,GK,32,38,38,3420,0,1,0,5,0,0.00,0.03,Fulham
Jefferson Lerma,co COL,"MF,DF",29,33,26,2274,0,1,0,9,0,0.00,0.04,Crystal Palace
Rico Lewis,eng ENG,"DF,MF",19,28,21,1893,1,2,0,5,1,0.05,0.10,Manchester City
Keane Lewis-Potter,eng ENG,"DF,MF",23,38,36,3093,1,3,0,7,0,0.03,0.09,Brentford
Myles Lewis-Skelly,eng ENG,DF,17,23,15,1369,1,0,0,3,2,0.07,0.00,Arsenal
Matthijs de Ligt,nl NED,DF,24,29,25,2123,2,0,0,3,0,0.08,0.00,Manchester Utd
Pedro Lima,br BRA,MF,18,3,1,70,0,0,0,0,0,0.00,0.00,Wolves
Victor Lindelöf,se SWE,DF,30,16,6,704,0,0,0,1,0,0.00,0.00,Manchester Utd
Jesper Lindstrøm,dk DEN,MF,24,25,15,1239,0,1,0,2,0,0.00,0.07,Everton
Valentino Livramento,eng ENG,DF,21,37,32,2840,0,1,0,1,0,0.00,0.03,Newcastle United
Sean Longstaff,eng ENG,MF,26,25,8,798,0,0,0,2,0,0.00,0.00,Newcastle United
Saša Lukić,rs SRB,MF,27,30,28,2344,0,2,0,12,0,0.00,0.08,Fulham
Joe Lumley,eng ENG,GK,29,3,3,270,0,0,0,0,0,0.00,0.00,Southampton
Massimo Luongo,au AUS,MF,31,11,2,201,0,0,0,0,0,0.00,0.00,Ipswich Town
Ian Maatsen,nl NED,DF,22,29,10,1139,1,2,0,2,0,0.08,0.16,Aston Villa
Alexis Mac Allister,ar ARG,MF,25,35,30,2599,5,5,0,6,0,0.17,0.17,Liverpool
James Maddison,eng ENG,MF,27,31,21,1809,9,7,0,6,0,0.45,0.35,Tottenham Hotspur
Noni Madueke,eng ENG,MF,22,32,27,2033,7,3,0,3,0,0.31,0.13,Chelsea
Gabriel Magalhães,br BRA,DF,26,28,28,2363,3,1,0,4,0,0.11,0.04,Arsenal
Edmond-Paris Maghoma,eng ENG,MF,23,8,0,119,0,0,0,0,0,0.00,0.00,Brentford
Harry Maguire,eng ENG,DF,31,27,19,1758,1,0,0,7,0,0.05,0.00,Manchester Utd
Kobbie Mainoo,eng ENG,MF,19,25,19,1651,0,0,0,5,0,0.00,0.00,Manchester Utd
Tyrell Malacia,nl NED,MF,24,3,2,100,0,0,0,1,0,0.00,0.00,Manchester Utd
Donyell Malen,nl NED,MF,25,14,2,305,3,0,0,0,0,0.89,0.00,Aston Villa
Mateus Mane,pt POR,FW,16,1,0,2,0,0,0,0,0,0.00,0.00,Wolves
Orel Mangala,be BEL,MF,26,19,14,1261,1,0,0,2,0,0.07,0.00,Everton
Ryan Manning,ie IRL,"DF,MF",28,24,18,1462,0,1,0,2,0,0.00,0.06,Southampton
Solly March,eng ENG,MF,30,8,1,168,0,0,0,2,0,0.00,0.00,Brighton
Omar Marmoush,eg EGY,"MF,FW",25,16,14,1175,7,0,0,0,0,0.54,0.00,Manchester City
Gabriel Martinelli,br BRA,"FW,MF",23,33,25,2290,8,4,0,1,0,0.31,0.16,Arsenal
Emiliano Martínez,ar ARG,GK,31,37,37,3194,0,0,0,5,1,0.00,0.00,Aston Villa
Lisandro Martínez,ar ARG,DF,26,20,20,1751,2,1,0,7,0,0.10,0.05,Manchester Utd
Pape Matar Sarr,sn SEN,MF,21,36,22,1913,3,2,0,6,0,0.14,0.09,Tottenham Hotspur
Jean-Philippe Mateta,fr FRA,FW,27,37,33,2648,14,2,2,2,0,0.48,0.07,Crystal Palace
Stephy Mavididi,eng ENG,MF,26,30,16,1615,4,1,0,2,0,0.22,0.06,Leicester City
Konstantinos Mavropanos,gr GRE,DF,26,33,21,2045,0,0,0,6,1,0.00,0.00,West Ham United
Noussair Mazraoui,ma MAR,"DF,MF",26,37,34,2838,0,1,0,3,0,0.00,0.03,Manchester Utd
Bryan Mbeumo,cm CMR,"MF,FW",24,38,38,3414,20,7,5,3,0,0.53,0.18,Brentford
James Mcatee,eng ENG,MF,21,15,3,349,3,0,0,1,0,0.77,0.00,Manchester City
Kasey McAteer,ie IRL,MF,22,18,9,852,1,1,0,3,0,0.11,0.11,Leicester City
Alex McCarthy,eng ENG,GK,34,5,5,450,0,0,0,0,0,0.00,0.00,Southampton
John McGinn,sct SCO,MF,29,34,27,2223,1,4,0,7,0,0.04,0.16,Aston Villa
Dwight McNeil,eng ENG,MF,24,21,15,1371,4,6,0,1,0,0.26,0.39,Everton
Scott McTominay,sct SCO,MF,27,2,0,19,0,0,0,0,0,0.00,0.00,Manchester Utd
Ben Mee,eng ENG,DF,34,7,2,183,0,0,0,2,0,0.00,0.00,Brentford
Jayden Meghoma,eng ENG,DF,18,1,0,5,0,0,0,0,0,0.00,0.00,Brentford
Mikel Merino,es ESP,"MF,FW",28,28,17,1586,7,2,0,4,1,0.40,0.11,Arsenal
Shumaira Mheuka,eng ENG,FW,16,1,0,1,0,0,0,0,0,0.00,0.00,Chelsea
Nikola Milenković,rs SRB,DF,26,37,37,3330,5,2,0,4,0,0.14,0.05,Nottingham Forest
Lewis Miley,eng ENG,MF,18,14,1,313,1,0,0,0,0,0.29,0.00,Newcastle United
James Milner,eng ENG,MF,38,4,3,170,0,0,0,1,0,0.00,0.00,Brighton
Tyrone Mings,eng ENG,DF,31,14,12,1120,0,0,0,1,0,0.00,0.00,Aston Villa
Yankuba Minteh,gm GAM,MF,20,32,20,1838,6,4,0,6,0,0.29,0.20,Brighton
Tyrick Mitchell,eng ENG,MF,24,37,37,3092,0,5,0,2,0,0.00,0.15,Crystal Palace
Kaoru Mitoma,jp JPN,MF,27,36,28,2603,10,4,0,1,0,0.35,0.14,Brighton
Jakub Moder,pl POL,MF,25,4,0,11,0,0,0,0,0,0.00,0.00,Brighton
Jeremy Monga,eng ENG,FW,15,7,0,112,0,0,0,0,0,0.00,0.00,Leicester City
Mikey Moore,eng ENG,"MF,FW",16,10,3,366,0,1,0,0,0,0.00,0.25,Tottenham Hotspur
Morato,br BRA,DF,23,26,6,907,0,0,0,5,0,0.00,0.00,Nottingham Forest
Álex Moreno,es ESP,DF,31,15,11,955,0,1,0,2,0,0.00,0.09,Nottingham Forest
Sam Morsy,eg EGY,MF,32,33,31,2751,1,1,0,10,0,0.03,0.03,Ipswich Town
Yerson Mosquera,co COL,DF,23,5,5,441,0,0,0,2,0,0.00,0.00,Wolves
Mason Mount,eng ENG,"MF,FW",25,17,8,622,1,0,0,3,0,0.14,0.00,Manchester Utd
Divin Mubama,eng ENG,FW,19,1,0,28,0,0,0,0,0,0.00,0.00,Manchester City
Mykhailo Mudryk,ua UKR,MF,23,7,1,151,0,0,0,0,0,0.00,0.00,Chelsea
Marshall Munetsi,zw ZIM,"MF,FW",28,14,12,1078,2,1,0,0,0,0.17,0.08,Wolves
Rodrigo Muniz,br BRA,FW,23,31,8,964,8,1,0,1,0,0.75,0.09,Fulham
Daniel Muñoz,co COL,MF,28,37,37,3228,4,5,0,10,0,0.11,0.14,Crystal Palace
Arijanet Muric,xk KVX,GK,25,18,18,1620,0,0,0,1,0,0.00,0.00,Ipswich Town
Murillo,br BRA,DF,22,36,36,3188,2,0,0,6,0,0.06,0.00,Nottingham Forest
Jacob Murphy,eng ENG,"FW,MF",29,35,31,2360,8,12,0,4,0,0.31,0.46,Newcastle United
Vitaliy Mykolenko,ua UKR,DF,25,35,35,3082,1,2,0,4,0,0.03,0.06,Everton
Iliman Ndiaye,sn SEN,"MF,FW",24,33,29,2430,9,0,2,3,0,0.33,0.00,Everton
Wilfred Ndidi,ng NGA,MF,27,28,28,2324,0,5,0,8,0,0.00,0.19,Leicester City
Kosta Nedeljković,rs SRB,DF,18,5,0,126,0,0,0,0,0,0.00,0.00,Aston Villa
Reiss Nelson,eng ENG,"FW,MF",24,1,0,3,0,0,0,0,0,0.00,0.00,Arsenal
Reiss Nelson,eng ENG,MF,24,11,5,487,1,1,0,1,0,0.18,0.18,Fulham
Neto,br BRA,GK,35,2,2,180,0,0,0,0,0,0.00,0.00,Bournemouth
Pedro Neto,pt POR,"MF,FW",24,35,24,2269,4,6,0,8,0,0.16,0.24,Chelsea
Eddie Nketiah,eng ENG,"FW,MF",25,29,9,1034,3,1,0,6,1,0.26,0.09,Crystal Palace
Christopher Nkunku,fr FRA,"MF,FW",26,27,9,921,3,2,0,2,0,0.29,0.20,Chelsea
Gustavo Nunes,br BRA,MF,18,3,0,12,0,0,0,0,0,0.00,0.00,Brentford
Matheus Nunes,pt POR,"DF,MF",25,26,19,1674,1,6,0,4,0,0.05,0.32,Manchester City
Darwin Núñez,uy URU,FW,25,30,8,1133,5,2,0,8,0,0.40,0.16,Liverpool
Ethan Nwaneri,eng ENG,"FW,MF",17,26,11,895,4,2,0,1,0,0.40,0.20,Arsenal
Christian Nørgaard,dk DEN,MF,30,34,34,2819,5,4,0,8,1,0.16,0.13,Brentford
Jake O'Brien,ie IRL,DF,23,20,17,1571,2,0,0,5,0,0.11,0.00,Everton
Matt O'Riley,dk DEN,MF,23,21,11,938,2,2,1,1,0,0.19,0.19,Brighton
Dara O'Shea,ie IRL,DF,25,35,35,3122,0,2,0,6,0,0.00,0.06,Ipswich Town
Chidozie Obi-Martin,dk DEN,FW,16,7,1,165,0,0,0,1,0,0.00,0.00,Manchester Utd
Wilson Odobert,fr FRA,"FW,MF",19,16,9,850,1,0,0,0,0,0.11,0.00,Tottenham Hotspur
Chiedozie Ogbene,ie IRL,MF,27,5,3,238,0,0,0,0,0,0.00,0.00,Ipswich Town
Caleb Okoli,it ITA,DF,23,19,12,1125,1,0,0,4,0,0.08,0.00,Leicester City
Robin Olsen,se SWE,GK,34,4,1,226,0,0,0,0,0,0.00,0.00,Aston Villa
Amadou Onana,be BEL,MF,22,26,20,1617,3,0,0,4,0,0.17,0.00,Aston Villa
André Onana,cm CMR,GK,28,34,34,3060,0,0,0,0,0,0.00,0.00,Manchester Utd
Paul Onuachu,ng NGA,FW,30,25,11,1050,4,1,0,4,0,0.34,0.09,Southampton
Frank Onyeka,ng NGA,MF,26,2,0,25,0,0,0,0,0,0.00,0.00,Brentford
Lewis Orford,eng ENG,MF,18,2,0,49,0,0,0,0,0,0.00,0.00,West Ham United
Stefan Ortega,de GER,GK,31,13,12,1100,0,0,0,1,0,0.00,0.00,Manchester City
William Osula,dk DEN,FW,20,14,0,134,1,0,0,0,0,0.67,0.00,Newcastle United
Dango Ouattara,bf BFA,"MF,FW",22,32,21,2005,7,4,0,3,0,0.31,0.18,Bournemouth
Nico O'Reilly,eng ENG,DF,19,9,6,528,2,0,0,0,0,0.34,0.00,Manchester City
Alex Palmer,eng ENG,GK,27,13,13,1170,0,0,0,2,0,0.00,0.00,Ipswich Town
Cole Palmer,eng ENG,MF,22,37,36,3191,15,8,4,7,0,0.42,0.23,Chelsea
Emerson Palmieri,it ITA,"DF,MF",29,31,26,2113,2,1,0,5,0,0.09,0.04,West Ham United
Lucas Paquetá,br BRA,"MF,FW",26,33,27,2380,4,0,2,10,0,0.15,0.00,West Ham United
Thomas Partey,gh GHA,"MF,DF",31,35,31,2797,4,2,0,4,0,0.13,0.06,Arsenal
Nathan Patterson,sct SCO,DF,22,10,3,347,0,1,0,1,0,0.00,0.26,Everton
Andreas Pereira,br BRA,MF,28,33,25,2013,2,4,0,7,0,0.09,0.18,Fulham
Ricardo Pereira,pt POR,DF,30,10,4,388,0,0,0,1,0,0.00,0.00,Leicester City
Kalvin Phillips,eng ENG,MF,28,19,14,1237,0,0,0,6,1,0.00,0.00,Ipswich Town
Jaden Philogene Bidace,eng ENG,MF,22,11,2,332,0,0,0,4,1,0.00,0.00,Aston Villa
Jaden Philogene Bidace,eng ENG,MF,22,10,5,474,2,0,0,1,0,0.38,0.00,Ipswich Town
Jordan Pickford,eng ENG,GK,30,38,38,3420,0,1,0,7,0,0.00,0.03,Everton
Ethan Pinnock,jm JAM,DF,31,22,21,1913,2,0,0,2,0,0.09,0.00,Brentford
Daniel Podence,pt POR,"FW,MF",28,2,0,48,0,0,0,0,0,0.00,0.00,Wolves
Alfie Pond,eng ENG,DF,20,1,0,1,0,0,0,0,0,0.00,0.00,Wolves
Nick Pope,eng ENG,GK,32,28,28,2520,0,0,0,2,0,0.00,0.00,Newcastle United
Pedro Porro,es ESP,DF,24,33,28,2610,2,6,0,5,0,0.07,0.21,Tottenham Hotspur
Jarell Quansah,eng ENG,DF,21,13,4,495,0,0,0,2,0,0.00,0.00,Liverpool
Aaron Ramsdale,eng ENG,GK,26,30,30,2700,0,0,0,2,0,0.00,0.00,Southampton
Jacob Ramsey,eng ENG,MF,23,29,19,1623,1,3,0,4,1,0.06,0.17,Aston Villa
Marcus Rashford,eng ENG,"FW,MF",26,10,4,444,2,2,1,0,0,0.41,0.41,Aston Villa
Marcus Rashford,eng ENG,MF,26,15,12,978,4,1,0,2,0,0.37,0.09,Manchester Utd
David Raya,es ESP,GK,28,38,38,3420,0,0,0,3,0,0.00,0.00,Arsenal
Harrison Reed,eng ENG,MF,29,12,0,108,0,0,0,2,0,0.00,0.00,Fulham
Remy Rees-Dottin,eng ENG,FW,18,1,0,1,0,0,0,0,0,0.00,0.00,Bournemouth
Sergio Reguilón,es ESP,DF,27,4,1,196,0,0,0,2,0,0.00,0.00,Tottenham Hotspur
Vitor Reis,br BRA,DF,18,1,0,1,0,0,0,0,0,0.00,0.00,Manchester City
Chadi Riad,ma MAR,DF,21,1,1,90,0,0,0,0,0,0.00,0.00,Crystal Palace
Declan Rice,eng ENG,MF,25,35,33,2825,4,7,0,7,1,0.13,0.22,Arsenal
Chris Richards,us USA,DF,24,24,22,1922,1,0,0,4,1,0.05,0.00,Crystal Palace
Richarlison,br BRA,FW,27,15,4,504,4,1,0,2,0,0.71,0.18,Tottenham Hotspur
Andrew Robertson,sct SCO,DF,30,33,29,2482,0,1,0,3,1,0.00,0.04,Liverpool
Antonee Robinson,us USA,"DF,MF",26,36,35,3167,0,10,0,8,0,0.00,0.28,Fulham
Jay Robinson,eng ENG,MF,17,4,1,137,0,0,0,0,0,0.00,0.00,Southampton
Rodri,es ESP,MF,28,3,1,73,0,0,0,0,0,0.00,0.00,Manchester City
Guido Rodríguez,ar ARG,MF,30,23,16,1149,0,1,0,6,0,0.00,0.08,West Ham United
Mads Roerslev,dk DEN,DF,25,19,11,1101,0,2,0,2,0,0.00,0.16,Brentford
Morgan Rogers,eng ENG,MF,22,37,37,3114,8,10,0,10,0,0.23,0.29,Aston Villa
Cristian Romero,ar ARG,DF,26,18,18,1416,1,0,0,3,0,0.06,0.00,Tottenham Hotspur
Georginio Rutter,fr FRA,"MF,FW",22,28,19,1656,5,3,0,2,0,0.27,0.16,Brighton
José Sá,pt POR,GK,31,29,29,2609,0,0,0,2,0,0.00,0.00,Wolves
Bukayo Saka,eng ENG,"FW,MF",22,25,20,1729,6,10,1,3,0,0.31,0.52,Arsenal
Mohamed Salah,eg EGY,MF,32,38,38,3371,29,18,9,1,0,0.77,0.48,Liverpool
William Saliba,fr FRA,DF,23,35,35,3039,2,0,0,2,1,0.06,0.00,Arsenal
Robert Sánchez,es ESP,GK,26,32,32,2880,0,0,0,5,0,0.00,0.00,Chelsea
Jadon Sancho,eng ENG,MF,24,31,19,1764,3,4,0,2,0,0.15,0.20,Chelsea
Ibrahim Sangaré,ci CIV,MF,26,13,7,590,0,1,0,3,0,0.00,0.15,Nottingham Forest
Danilo Santos,br BRA,MF,23,8,5,275,0,0,0,0,0,0.00,0.00,Nottingham Forest
Pablo Sarabia,es ESP,MF,32,23,7,814,3,2,0,3,0,0.33,0.22,Wolves
Jeremy Sarmiento,ec ECU,MF,22,1,0,9,0,0,0,0,0,0.00,0.00,Brighton
Ismaila Sarr,sn SEN,MF,26,38,30,2711,8,6,0,4,0,0.27,0.20,Crystal Palace
Sávio,br BRA,"MF,FW",20,29,21,1766,1,8,0,3,0,0.05,0.41,Manchester City
Oliver Scarles,eng ENG,"MF,DF",18,15,7,665,0,0,0,1,0,0.00,0.00,West Ham United
Dane Scarlett,eng ENG,FW,20,3,0,34,0,1,0,0,0,0.00,2.65,Tottenham Hotspur
Kevin Schade,de GER,"MF,FW",22,38,26,2293,11,2,0,3,0,0.43,0.08,Brentford
Fabian Schär,ch SUI,DF,32,34,33,2934,4,0,0,9,1,0.12,0.00,Newcastle United
Jeffrey Schlupp,gh GHA,"DF,FW",31,12,0,103,0,0,0,0,0,0.00,0.00,Crystal Palace
Alex Scott,eng ENG,MF,20,20,8,755,0,0,0,3,0,0.00,0.00,Bournemouth
Matz Sels,be BEL,GK,32,38,38,3420,0,0,0,4,0,0.00,0.00,Nottingham Forest
Nélson Semedo,pt POR,"MF,DF",30,34,32,2886,0,4,0,8,0,0.00,0.12,Wolves
Antoine Semenyo,gh GHA,MF,24,37,36,3203,11,5,0,9,0,0.31,0.14,Bournemouth
Marcos Senesi,ar ARG,DF,27,17,13,1106,0,0,0,5,0,0.00,0.00,Bournemouth
Ryan Sessegnon,eng ENG,"MF,DF",24,16,7,580,4,2,0,1,0,0.62,0.31,Fulham
Luke Shaw,eng ENG,DF,29,7,4,349,0,0,0,1,0,0.00,0.00,Manchester Utd
Zain Silcott-Duberry,ms MSR,MF,19,1,0,1,0,0,0,0,0,0.00,0.00,Bournemouth
Bernardo Silva,pt POR,MF,29,33,29,2670,4,4,0,7,0,0.13,0.13,Manchester City
Jota Silva,pt POR,MF,24,31,5,854,3,1,0,5,0,0.32,0.11,Nottingham Forest
Eric da Silva Moreira,de GER,DF,18,2,0,30,0,0,0,0,0,0.00,0.00,Nottingham Forest
Jahmai Simpson-Pusey,eng ENG,DF,18,2,1,96,0,0,0,1,0,0.00,0.00,Manchester City
Luis Sinisterra,co COL,MF,25,12,1,236,1,1,0,0,0,0.38,0.38,Bournemouth
Oliver Skipp,eng ENG,MF,23,24,10,1129,0,0,0,8,0,0.00,0.00,Leicester City
William Smallbone,ie IRL,MF,24,18,6,690,1,0,0,1,0,0.13,0.00,Southampton
Adam Smith,eng ENG,DF,33,25,19,1590,0,0,0,7,0,0.00,0.00,Bournemouth
Emile Smith Rowe,eng ENG,MF,24,34,25,2043,6,3,0,3,0,0.26,0.13,Fulham
Dominic Solanke,eng ENG,FW,26,27,25,2201,9,3,1,0,0,0.37,0.12,Tottenham Hotspur
Carlos Soler,es ESP,MF,27,31,14,1409,1,1,0,6,0,0.06,0.06,West Ham United
Julio Soler,ar ARG,DF,19,3,0,11,0,0,0,0,0,0.00,0.00,Bournemouth
Ramón Sosa,py PAR,MF,24,19,1,295,1,0,0,1,0,0.31,0.00,Nottingham Forest
Tomáš Souček,cz CZE,MF,29,35,30,2567,9,1,0,8,0,0.32,0.04,West Ham United
Boubakary Soumaré,fr FRA,MF,25,31,25,2171,0,0,0,8,0,0.00,0.00,Leicester City
Djed Spence,eng ENG,DF,23,25,19,1792,1,2,0,4,1,0.05,0.10,Tottenham Hotspur
Jay Stansfield,eng ENG,"FW,MF",21,1,0,1,0,0,0,0,0,0.00,0.00,Fulham
Jason Steele,eng ENG,GK,33,2,2,180,0,0,0,0,0,0.00,0.00,Brighton
Jack Stephens,eng ENG,DF,30,19,17,1389,1,0,0,2,2,0.06,0.00,Southampton
Raheem Sterling,eng ENG,"FW,MF",29,17,7,499,0,2,0,1,0,0.00,0.36,Arsenal
Ross Stewart,sct SCO,FW,28,12,4,389,1,0,0,1,0,0.23,0.00,Southampton
Jakub Stolarczyk,pl POL,GK,23,10,10,900,0,0,0,1,0,0.00,0.00,Leicester City
John Stones,eng ENG,DF,30,11,6,548,2,0,0,1,0,0.33,0.00,Manchester City
Jørgen Strand Larsen,no NOR,FW,24,35,30,2587,14,4,0,4,0,0.49,0.14,Wolves
Yukinari Sugawara,jp JPN,"MF,DF",24,30,16,1557,1,1,0,4,0,0.06,0.06,Southampton
Kamaldeen Sulemana,gh GHA,"FW,MF",22,26,17,1402,1,1,0,2,0,0.06,0.06,Southampton
Crysencio Summerville,nl NED,"MF,FW",22,19,7,786,1,1,0,2,0,0.11,0.11,West Ham United
Sammie Szmodics,ie IRL,MF,28,20,13,992,4,0,0,2,0,0.36,0.00,Ipswich Town
Dominik Szoboszlai,hu HUN,MF,23,36,29,2491,6,6,0,6,0,0.22,0.22,Liverpool
Matt Targett,eng ENG,"DF,MF",28,2,0,21,0,0,0,0,0,0.00,0.00,Newcastle United
James Tarkowski,eng ENG,DF,31,33,33,2922,1,1,0,6,0,0.03,0.03,Everton
Marcus Tavernier,eng ENG,MF,25,29,20,1939,3,5,0,6,0,0.14,0.23,Bournemouth
Charlie Taylor,eng ENG,DF,30,8,3,356,0,0,0,1,0,0.00,0.00,Southampton
Jack Taylor,ie IRL,MF,26,32,4,860,1,0,0,4,0,0.10,0.00,Ipswich Town
Mathys Tel,fr FRA,FW,19,13,11,911,2,1,1,2,0,0.20,0.10,Tottenham Hotspur
Kenny Tete,nl NED,DF,28,22,21,1774,0,2,0,5,0,0.00,0.10,Fulham
Igor Thiago,br BRA,FW,23,8,1,175,0,0,0,0,0,0.00,0.00,Brentford
Luke Thomas,eng ENG,DF,23,14,13,1110,0,0,0,3,0,0.00,0.00,Leicester City
Youri Tielemans,be BEL,MF,27,36,35,3026,3,7,0,4,0,0.09,0.21,Aston Villa
Kieran Tierney,sct SCO,DF,27,13,2,259,1,0,0,0,0,0.35,0.00,Arsenal
Jurriën Timber,nl NED,DF,23,30,27,2417,1,3,0,7,0,0.04,0.11,Arsenal
Jean-Clair Todibo,fr FRA,DF,24,27,20,1825,0,0,0,3,0,0.00,0.00,West Ham United
Harry Toffolo,eng ENG,DF,28,4,1,137,0,0,0,1,0,0.00,0.00,Nottingham Forest
Takehiro Tomiyasu,jp JPN,DF,25,1,0,7,0,0,0,0,0,0.00,0.00,Arsenal
Sandro Tonali,it ITA,MF,24,36,28,2630,4,2,0,5,0,0.14,0.07,Newcastle United
Pau Torres,es ESP,DF,27,24,23,2020,0,0,0,2,0,0.00,0.00,Aston Villa
Conor Townsend,eng ENG,DF,31,6,3,335,0,1,0,1,0,0.00,0.27,Ipswich Town
Adama Traoré,es ESP,MF,28,36,18,1772,2,7,0,3,0,0.10,0.36,Fulham
Boubacar Traoré,ml MLI,MF,22,1,0,1,0,0,0,0,0,0.00,0.00,Wolves
Mark Travers,ie IRL,GK,25,5,5,450,0,0,0,0,0,0.00,0.00,Bournemouth
Ryan Trevitt,eng ENG,MF,21,1,0,4,0,0,0,0,0,0.00,0.00,Brentford
Kieran Trippier,eng ENG,DF,33,25,14,1309,0,3,0,1,0,0.00,0.21,Newcastle United
Leandro Trossard,be BEL,FW,29,38,28,2546,8,7,0,4,1,0.28,0.25,Arsenal
Kostas Tsimikas,gr GRE,DF,28,18,9,837,0,1,0,2,0,0.00,0.11,Liverpool
Axel Tuanzebe,cd COD,DF,26,22,20,1710,0,1,0,5,1,0.00,0.05,Ipswich Town
Destiny Udogie,it ITA,DF,21,25,24,1924,0,1,0,2,0,0.00,0.05,Tottenham Hotspur
Manuel Ugarte,uy URU,MF,23,29,22,1785,1,2,0,11,0,0.05,0.10,Manchester Utd
Lesley Ugochukwu,fr FRA,MF,20,26,18,1655,1,1,0,7,0,0.05,0.05,Southampton
Enes Ünal,tr TUR,FW,27,17,2,345,2,1,0,2,0,0.52,0.26,Bournemouth
Hákon Valdimarsson,is ISL,GK,22,2,1,145,0,0,0,0,0,0.00,0.00,Brentford
Virgil van Dijk,nl NED,DF,33,37,37,3330,3,1,0,5,0,0.08,0.03,Liverpool
Jamie Vardy,eng ENG,FW,37,35,35,2823,9,4,1,5,0,0.29,0.13,Leicester City
Renato Veiga,pt POR,MF,21,7,1,181,0,0,0,2,0,0.00,0.00,Chelsea
Joël Veltman,nl NED,DF,32,21,19,1697,0,0,0,5,0,0.00,0.00,Brighton
Micky van de Ven,nl NED,DF,23,13,12,1015,0,2,0,4,0,0.00,0.18,Tottenham Hotspur
Bart Verbruggen,nl NED,GK,21,36,36,3240,0,1,0,5,0,0.00,0.03,Brighton
Jannik Vestergaard,dk DEN,DF,31,18,16,1391,0,0,0,5,0,0.00,0.00,Leicester City
Guglielmo Vicario,it ITA,GK,27,24,24,2160,0,0,0,1,0,0.00,0.00,Tottenham Hotspur
Carlos Vinícius,br BRA,FW,29,3,0,16,0,0,0,0,0,0.00,0.00,Fulham
Kyle Walker,eng ENG,DF,34,15,9,970,0,0,0,3,0,0.00,0.00,Manchester City
Kyle Walker-Peters,eng ENG,"MF,DF",27,33,33,2918,0,2,0,5,0,0.00,0.06,Southampton
Christian Walton,eng ENG,GK,28,7,7,630,0,0,0,0,0,0.00,0.00,Ipswich Town
Aaron Wan-Bissaka,cd COD,"DF,MF",26,36,35,3154,2,5,0,1,0,0.06,0.14,West Ham United
Danny Ward,wls WAL,GK,31,2,1,135,0,0,0,0,0,0.00,0.00,Leicester City
Joel Ward,eng ENG,DF,34,2,1,71,0,0,0,1,0,0.00,0.00,Crystal Palace
James Ward-Prowse,eng ENG,MF,29,15,12,1039,1,1,0,2,0,0.09,0.09,West Ham United
James Ward-Prowse,eng ENG,MF,29,9,5,400,0,1,0,2,1,0.00,0.23,Nottingham Forest
Ollie Watkins,eng ENG,FW,28,38,31,2598,16,8,2,2,0,0.55,0.28,Aston Villa
Adam Webster,eng ENG,DF,29,14,11,887,0,0,0,1,0,0.00,0.00,Brighton
Danny Welbeck,eng ENG,FW,33,30,24,2115,10,4,1,5,0,0.43,0.17,Brighton
Welington,br BRA,"MF,DF",23,10,6,482,0,0,0,1,0,0.00,0.00,Southampton
Timo Werner,de GER,"FW,MF",28,18,4,516,0,3,0,0,0,0.00,0.52,Tottenham Hotspur
Adam Wharton,eng ENG,MF,20,20,16,1318,0,2,0,2,0,0.00,0.14,Crystal Palace
Ben White,eng ENG,DF,26,17,13,1198,0,2,0,2,0,0.00,0.15,Arsenal
Mats Wieffer,nl NED,"DF,MF",24,25,10,1015,1,3,0,6,0,0.09,0.27,Brighton
Neco Williams,wls WAL,"DF,MF",23,35,28,2594,1,3,0,7,0,0.03,0.10,Nottingham Forest
Willian,br BRA,"MF,FW",35,10,2,257,0,0,0,0,0,0.00,0.00,Fulham
Joe Willock,eng ENG,MF,24,32,11,1086,0,2,0,4,0,0.00,0.17,Newcastle United
Callum Wilson,eng ENG,FW,32,18,2,370,0,0,0,1,0,0.00,0.00,Newcastle United
Harry Wilson,wls WAL,"MF,FW",27,25,12,1162,6,1,0,2,0,0.46,0.08,Fulham
Harry Winks,eng ENG,MF,28,22,17,1538,0,2,0,4,0,0.00,0.12,Leicester City
Ben Winterburn,eng ENG,MF,19,4,0,24,0,0,0,0,0,0.00,0.00,Bournemouth
Yoane Wissa,cd COD,FW,27,35,34,2919,19,4,0,5,0,0.59,0.12,Brentford
Chris Wood,nz NZL,FW,32,36,35,2959,20,3,3,1,0,0.61,0.09,Nottingham Forest
Nathan Wood-Gordon,eng ENG,DF,22,11,9,773,0,0,0,2,0,0.00,0.00,Southampton
Luke Woolfenden,eng ENG,DF,25,15,12,1187,0,0,0,2,0,0.00,0.00,Ipswich Town
Yehor Yarmoliuk,ua UKR,MF,20,31,15,1450,0,0,0,6,0,0.00,0.00,Brentford
Ryan Yates,eng ENG,MF,26,35,18,1915,2,1,0,10,0,0.09,0.05,Nottingham Forest
Leny Yoro,fr FRA,DF,18,21,12,1165,0,0,0,5,0,0.00,0.00,Manchester Utd
Ashley Young,eng ENG,DF,39,32,19,1875,1,3,0,7,1,0.05,0.14,Everton
Illia Zabarnyi,ua UKR,DF,21,36,35,3109,0,1,0,4,1,0.00,0.03,Bournemouth
Oleksandr Zinchenko,ua UKR,"DF,MF",27,15,5,527,0,1,0,1,0,0.00,0.17,Arsenal
Joshua Zirkzee,nl NED,"FW,MF",23,32,14,1402,3,1,0,2,0,0.19,0.06,Manchester Utd
Martin Ødegaard,no NOR,MF,25,30,26,2325,3,8,1,4,0,0.12,0.31,Arsenal
